,Unnamed: 0.3,Unnamed: 0.2,Unnamed: 0.1,Unnamed: 0,Primary Air Flow Rate,Primary Air Temperature,Reference Air Remperature,Room Temperature Gradient,Inlet Water Temperature,dtw,water flow rate,water side capacity,air side pressure
0,0.0,0.0,0.0,0.0,59.0,10.0,26.0,0.0,15.81,1.83,0.2474687570908144,1902.044867,1905.582
1,1.0,1.0,1.0,1.0,60.0,11.0,27.0,1.0,15.82,1.8200000000000005,0.2526657836996336,1931.3772506,2081.52
2,2.0,2.0,2.0,,61.0,13.0,29.0,3.0,15.85,1.790000000000001,0.2608020263633943,1960.7096341999995,2407.914
3,3.0,3.0,,,62.0,14.0,30.0,4.0,15.85,1.790000000000001,0.2647036469539769,1990.0420178,2596.188
4,4.0,,,,60.0,10.0,27.0,4.0,15.81,1.8400000000000016,0.249919416485507,1931.3772506,2298.24
5,,,,,60.0,10.0,26.0,1.0,15.81,1.83,0.2512850963570128,1931.3772506000003,2009.8799999999999
